,P/B,D/E,Y/Y Revenue Growth,Gross Profit Margin,Trailing P/E,Forward P/E
Agricultural Inputs,0.4295552192307692,63.807692307692314,-0.03753333333333333,0.349879334,26.206113374999997,14.407689936363637
Aluminum,4.017428,112.9545,0.1215,0.137807505,46.369591,11.8439575
Building Materials,3.8398744365294117,56.3119375,0.08564705882352944,0.3110705894117647,39.434795785714286,20.75090523076923
Chemicals,1.167505120117647,105.5399375,0.3507058823529412,0.10992352952941176,21.890394666666666,11.772435258125
Coking Coal,0.5891405399999999,55.860749999999996,-0.225,0.128492,78.453705,-13.6478724
Copper,5.742249516666667,51.41616666666667,0.3945,0.49644166666666667,28.51263275,8.676448566666666
Gold,6.550220835098037,24.246023255813956,2.1206764705882355,0.4003331343235295,34.358275285185194,-9.933569416279068
Lumber & Wood Production,1.662585963333333,31.221666666666668,-0.11116666666666668,0.22437666666666667,20.135581666666667,16.169316000000002
Other Industrial Metals & Mining,16.06455673529412,63.819263157894724,1.126857142857143,0.10743265400000002,21.070199777777777,45.954833797142854
Other Precious Metals & Mining,3.7890982411764704,21.154214285714282,0.6317692307692307,0.4467094135294118,388.4174937142857,-21.995448785714295
Paper & Paper Products,1.0476181759999998,553.7738,-0.054,0.144764,9.29746525,0.25347174999999966
Silver,4.8041255199999995,21.819333333333333,1.764,0.310466,75.617645,-46.985147749999996
Specialty Chemicals,4.360108006127272,182.04375471698117,0.16792307692307698,0.2863634545454546,38.50401857258064,10.274868133265304
Steel,2.223046723157895,54.35564705882354,0.41668421052631577,0.17827473784210532,21.49084616666667,0.5880436692307692
Advertising Agencies,3.4094781653228567,120.29941379310345,0.13870588235294115,0.4032325686,32.00729437145455,13.18513461739131
Broadcasting,1.8217933223076923,265.6055833333333,-0.010769230769230765,0.39756923846153847,33.470123666666666,3.196163803636365
Electronic Gaming & Multimedia,7.505832160952381,58.8541875,9.817473684210526,0.5511542828571427,26.045765011111104,2.3007199653846158
Entertainment,1.4125153447804348,197.40399999999994,1.0908863636363635,0.347564224,63.71190874210526,33.8466349030303
Internet Content & Information,3.276075288866177,57.57677966101695,0.10924615384615377,0.5396900005882351,70.26115360666668,6.129710987272726
Publishing,2.3561626585714284,166.244,0.008714285714285714,0.5213328571428572,181.40488425,20.058572116666667
Telecom Services,3.5038586421052624,149.68742857142863,0.1417592592592594,0.5074991061071429,19.88094023870968,134.47289772857147
Apparel Manufacturing,2.2624859657142866,123.8135,0.03547619047619048,0.501778099047619,27.74488071428571,13.460327794117648
Apparel Retail,3.4745878856666663,154.01403448275863,0.03276666666666667,0.4111613333333333,19.64672291673684,2.4555346803571423
Auto & Truck Dealerships,-1.4470141288461527,267.788652173913,0.10187499999999998,0.3140373034615385,34.04815953846153,11.537565085714286
Auto Manufacturers,3.1645507403970674,130.04899999999998,6.831862068965517,-0.004180626062499998,50.17071556650001,14.129210705999999
Auto Parts,0.2617600096037739,97.96273913043478,0.060607843137254896,0.252469434509434,39.545437241379304,8.389745336734695
Department Stores,2.25266481,108.52100000000002,-0.021333333333333333,0.40389332666666666,11.598973,11.862129000000001
Footwear & Accessories,3.4112831188,231.6806,0.28533333333333327,0.44852000219999993,28.59297005555556,11.725515823076924
Furnishings,0,0,0,0,0,0
Fixtures & Appliances,0,0,0,0,0,0
Gambling,5.516822613333333,148.9923,0.14708333333333332,0.5770650033333333,88.78412073333334,9.9735173
Home Improvement Retail,2.8065028833333336,224.52675,0.0105,0.38236000833333333,19.31214092,11.919790016666667
Internet Retail,3.7431099247585378,71.3064705882353,0.7008499999999998,0.43799675034999985,38.19785184380952,2.06254605333333
Leisure,4.651286864733333,233.21754166666673,0.028857142857142838,0.4296533333333333,34.20749683333333,20.30013044761905
Lodging,1.5232023151666665,336.84799999999996,0.1738333333333333,0.5654641683333334,26.476895037499997,22.879967479999998
Luxury Goods,8.227012599999998,303.37885714285716,0.1966,0.4758870010000001,27.96516108,-53.6888634125
Packaging & Containers,1.8347618833333328,125.99565217391303,0.07616666666666666,0.20959125083333333,19.68692278125,9.457101347619048
Personal Services,4.210351720399999,186.88869230769234,0.17366666666666666,0.329175715,17.2356176187125,13.86260881111111
Recreational Vehicles,2.168009772142857,150.0182857142857,10.955071428571427,0.2177728542857143,20.553076142857144,12.02577134509091
Residential Construction,2.1453235577272727,44.000523809523806,-0.07995238095238097,0.23164380800000003,16.124920745,13.038632131578947
Resorts & Casinos,2.65127784375,1390.7016428571428,0.045312500000000006,0.5285425,24.93519457777778,7.8192707312500005
Restaurants,-0.9418408407666669,277.3858823529412,0.12514893617021278,0.2851070246382978,31.012835154545453,17.94086208972973
Specialty Retail,16.08669880693878,2984.4889523809516,0.02506521739130434,0.22915673536734693,21.686564136,17.057246617567568
Textile Manufacturing,3.612537632,43.9925,-0.1675,0.095912495,115.66667,12.362499
Travel Services,-16.469136647368423,172.2214666666667,0.9322631578947369,0.5712000021052631,68.18148739375002,14.200420361111108
Beverages—Brewers,4.533983446285714,62.123714285714286,-0.037714285714285714,0.4733614285714286,23.219204166666668,14.852600214285713
Beverages—Non-Alcoholic,6.674749619411764,105.75462499999999,0.12235294117647057,0.41487529411764706,42.32554291333334,12.980078978571429
Beverages—Wineries & Distilleries,12.376718278,52.159,-0.12525,0.349428997,166.661091,17.50512705
Confectioners,3.7869356960000005,77.774,-0.0858,-0.03072999999999999,36.76358666666667,4.0899230840000005
Discount Stores,7.8168765875,132.415875,0.099375,0.23050999500000002,29.877812,8.923820249999999
Education & Training Services,-3.397182089234089,488.8041025641026,0.10052380952380956,0.5181206872727273,27.382341566666668,6.385574610937501
Farm Products,-1.8140634480000002,204.39386363636365,0.08734782608695651,0.08118125123749999,32.341256712399996,2.115395355
Food Distribution,3.1079104861538456,139.52884615384613,-0.03338461538461539,0.22248615276923073,31.669101666666663,15.240165655555554
Grocery Stores,2.37553795,222.95009090909087,0.03436363636363637,0.27552545727272726,17.723362062499998,4.625223288888891
Household & Personal Products,43.53406365753334,534.2584285714286,-0.011517241379310343,0.5419259999999999,37.19979541875001,12.790854216666665
Packaged Foods,7.424546475464284,170.47127083333336,3.43454716981132,0.3013041060178572,47.31405342903226,5.627900080487805
Tobacco,-5.9881695894,122.53014285714285,-0.10433333333333333,0.309256987,20.24966458333333,4.537661032222222
Oil & Gas Drilling,1.6412093222222222,92.57233333333335,0.094,0.3178455555555556,251.46804500000002,17.777182888888888
Oil & Gas E&P,8.652669654210525,51.85490909090909,0.4885068493150685,0.6528218401315788,22.304673725454546,25.639530163934428
Oil & Gas Equipment & Services,2.021468033061224,59.924553191489366,0.06183333333333333,0.31839387571428573,33.44179966666667,15.119648989361696
Oil & Gas Integrated,3.0263850575,78.45372222222221,0.01194444444444444,0.3356222244444445,154.17258539333335,9.166915118750001
Oil & Gas Midstream,105.70887423926467,231.69160655737707,0.134969696969697,0.49264134402985066,25.420284712500006,20.411329264081637
Oil & Gas Refining & Marketing,40.87894997157895,2366.7913333333336,0.020888888888888887,0.13438841993157893,24.324444615384614,4.901075833333334
Thermal Coal,2.234875283333333,19.76516666666667,0.12116666666666669,0.3237933333333333,12.154665,19.880117799999997
Uranium,5.309957883333333,46.52700000000001,-0.242625,-0.09146845230769231,137.068339175,30.715901375
Asset Management,1.1981080333798884,56.85856338028168,0.17864814814814817,0.7159674228444446,27.410472935928144,34.4855678618182
Banks—Diversified,3.6495524080769233,,0.147,0.0,35.95319192916667,12.70493589473684
Banks—Regional,1.4000762834562215,11.369,0.22185981308411232,0.006163317880184332,18.147011390306133,9.422564390740733
Capital Markets,2.8338377372402066,208.5172068965518,1.4479886363636363,0.5210266997319584,18.87835500976604,15.87507542525424
Credit Services,3.3979844758541664,367.97119999999995,0.18579999999999997,0.62876541875,19.36111942162163,8.179941883073173
Financial Conglomerates,1.9747867383333333,117.5128,0.059166666666666666,0.54705667,770.6326759,12.042149720000001
Financial Data & Stock Exchanges,3.2828394666666667,72.03229999999999,0.05881818181818181,0.7438546169230769,27.648501454545453,20.074734749999998
Insurance Brokers,1.5598955089047624,142.02383333333336,1.1618000000000002,0.44708809380952386,20.912141226923076,12.23503995375
Insurance—Diversified,1.4514980982076924,26.226181818181814,0.01475,0.40012153615384616,11.207362192307691,12.462471245454545
Insurance—Life,0.7304305014512,89.35074999999999,0.7056800000000001,0.38368960239999994,19.67013129047619,8.3092845
Insurance—Property & Casualty,1.0939170302083332,63.36573913043476,0.18815217391304354,0.3319104332608696,13.323207300000002,7.646212016666667
Insurance—Reinsurance,0.87413324425,19.0275,0.47750000000000004,0.21226500024999997,7.21868324,0.0535623571428567
Insurance—Specialty,1.3670449547058827,37.60575,0.05050000000000001,0.5634847076470587,20.491244978571427,7.418313792857144
Mortgage Finance,1.1630495391666666,687.8679,1.0247,0.8183041666666666,17.596403340000002,47.52778702727273
Shell Companies,-498.82628001718257,32.87833333333333,,0.0,47.7393216,
Biotechnology,17.935001360324154,80.86035365853658,0.7622555555555558,0.11708231512272724,20.104898306335937,-6.6415937864131465
Diagnostics & Research,-25.593820498250004,82.91516666666666,0.1573783783783784,0.45424800125,49.87736771789474,-8.430602336857143
Drug Manufacturers—General,-1.4245464709090905,192.97862500000002,0.01772222222222222,0.5819531795454546,25.1932649375,11.533060734
Drug Manufacturers—Specialty & Generic,37.95106225199997,889.8145,0.937877192982456,0.4366691402857143,32.023921436799995,6.05527360135
Health Information Services,5.4976216525,53.959564102564094,0.1178888888888889,0.45848744893617027,153.20514812333332,-9.902003335131576
Healthcare Plans,3.8011889945454542,84.32079999999999,0.17754545454545456,0.15443727490909095,22.862885000000002,12.911714163636363
Medical Care Facilities,3.1065952361814575,522.256511627907,0.10852173913043478,0.29193270739583327,37.495437775324646,-15.287583138133337
Medical Devices,7.175005121696722,229.76380952380967,0.18634862385321105,0.4228441316049587,36.95787481288749,12.62791664795238
Medical Distribution,-6.474736736666666,147.7538,0.058777777777777755,0.27160444666666667,25.584166399999997,31.958428225000006
Medical Instruments & Supplies,3.7617517453109097,64.512,0.1462916666666667,0.40802109134545467,313.96771568799994,13.702701438139538
Pharmaceutical Retailers,1.5612511533333333,93.06483333333335,1.2388333333333332,0.27474333133333334,0.6188,-19.028481099999997
Aerospace & Defense,6.1662195205333346,75.16519117647057,0.3943676470588235,0.25311079965333333,95.34876685529069,-294.8610472790164
Airlines,1401.101012481111,337.82192857142854,0.06494444444444443,0.25195944272222226,21.493368625,4.470823563529412
Airports & Air Services,27.032472775000002,79.93628571428572,70.09387500000001,0.4915837475,22.843381500000003,6.183917132857142
Building Products & Equipment,2.7993216167647055,264.3159117647059,0.001437499999999997,0.27340588,34.48226613043478,-15.683248255172414
Business Equipment & Supplies,0.8199473239999999,162.00039999999998,0.3094,0.28906400000000004,34.82453733333333,2.268863025
Conglomerates,-0.3168888876923077,284.555,0.08215999999999997,0.3013749988461538,51.07839863076924,15.972636231578948
Consulting Services,8.099709654329548,154.326,0.3085238095238095,0.51884045,40.36526206208333,9.740875050000003
Electrical Equipment & Parts,4.35115152131818,251.49754285714283,0.45275,0.16744244697777777,31.24512286506875,9.987849828529415
Engineering & Construction,6.700699352739997,108.56847916666669,0.22604000000000007,0.20248379931999996,68.34204491428571,22.055592343999997
Farm & Heavy Construction Machinery,1.7245623827307692,94.35077272727273,-0.05530769230769229,0.2082369219230769,31.938824049999997,12.378419033636362
Industrial Distribution,4.2883528904545445,97.14563636363636,6.76209090909091,0.28741227181818185,207.08936352,18.727336149999996
Infrastructure Operations,,,,,,
Integrated Freight & Logistics,2.3641783735483872,86.21331034482756,0.22503225806451613,0.20798903480645164,30.079698640625,15.049981835294117
Marine Shipping,1.4177781561711114,81.6830487804878,0.10111904761904758,0.4721847729545454,16.599030901209375,4.986524329642857
Metal Fabrication,3.705463075472222,56.500647058823525,0.06735294117647059,0.21566555388888892,61.07264150000001,17.92572642142857
Pollution & Treatment Controls,2.8383567941176477,49.23521428571428,1.0219285714285713,0.3681829429411764,29.669435000000004,-1.9361445307692309
Railroads,2.6043205973571433,116.47066666666667,-0.0786153846153846,0.3248930730769231,20.30313009090909,13.783722071666666
Rental & Leasing Services,2.7313119382758617,335.60062500000004,0.05548275862068966,0.45077793413793094,248.8432970411765,16.979435857894735
Security & Protection Services,3.0843350776086957,100.82245454545455,0.0338695652173913,0.3532299995652174,20.413260863636363,-0.12800741000000038
Specialty Business Services,11.477032955340905,141.61995121951213,0.03590243902439024,0.3516968184545455,75.24716861111112,12.16110058548387
Specialty Industrial Machinery,3.5843813702777774,54.58083076923076,0.14884057971014497,0.3374641684166666,50.92163275166666,17.720049975517245
Staffing & Employment Services,4.094819526875,190.38475000000003,14.59225,0.30565437743750007,12.952894957142856,10.319560892857144
Tools & Accessories,3.97205345625,51.707375000000006,0.059625000000000004,0.33295500250000004,32.196728285714286,20.371473
Trucking,2.80443785,55.22573333333333,-0.016133333333333336,0.20392200066666666,67.80697166666667,21.935467
Waste Management,3.851651935,125.9582380952381,0.6548,0.22604714190476188,122.96448377624445,4.085724615384617
REIT—Diversified,1.3269350821153845,167.20903846153846,-0.07096153846153846,0.7625857680769231,48.27982257,13.756520332142857
REIT—Healthcare Facilities,2.5420726178947377,184.30521052631576,0.15863157894736843,0.7383242089473684,79.04492830769232,8.020013066666666
REIT—Hotel & Motel,1.9003022135384617,154.52604545454543,-0.004269230769230769,0.31513653500000005,146.26865224999997,-103.95325657
REIT—Industrial,2.2295751685000003,112.09420000000003,0.03935000000000001,0.7385354945,29.25562452142857,-105.6417395
REIT—Mortgage,1.237501000555556,554.6608611111108,16.756416666666663,0.8104633330555554,17.132090640909087,5.978626263157895
REIT—Office,0.7806927316666669,125.83104166666665,-0.027409090909090907,0.5946758329166667,35.232287173071434,-29.328718170000002
REIT—Residential,1.9028261300000002,117.9781739130435,0.03204347826086957,0.5930349995833334,47.41848166666668,19.20052695
REIT—Retail,2.293402536081081,311.6974324324324,0.06945945945945944,0.7406308081081081,37.84693492825806,1.0608275071428575
REIT—Specialty,1.2074183282608695,305.0815263157894,0.08159090909090909,0.644185005,35.136788647619056,27.064640391176475
Real Estate Services,3.5350987234999987,343.7224358974359,547.8499361702127,0.3850006274374999,133.24100821363638,5.687627113793105
Real Estate—Development,2.22176605875,169.14537499999994,2.7184375000000007,0.26631812125,11.30280428888889,9.528890471428573
Real Estate—Diversified,3.3474577,69.9125,-0.10300000000000001,0.279395,35.648243,644.9091
Communication Equipment,6.932665216341466,127.76625000000001,1.0365,0.41692536707317085,116.09735973684211,188.51219995
Computer Hardware,9.890999016666667,65.37185714285714,0.5532903225806451,0.32064696527272724,28.646595156923077,-28.241795770833324
Consumer Electronics,4.062577723176471,524.2574666666667,0.7371249999999999,0.166462942,27.587154,-193.53681786749993
Electronic Components,5.619599989685908,44.17016279069767,0.1429767441860465,0.2671788659090908,47.41366198471924,42.27619966764705
Electronics & Computer Distribution,1.1623201799999998,55.32285714285714,0.07014285714285715,0.12286714228571428,15.148108000000002,9.769179666666668
Information Technology Services,3.2569567873222223,113.64863157894737,0.23216393442622948,0.29049790083709676,25.003962411764707,-1.0183065042553192
Scientific & Technical Instruments,23.357208645749992,68.7990909090909,0.3555454545454545,0.3556836166666667,59.42169505333182,17.905827896
Semiconductor Equipment & Materials,7.3465610792857134,29.731076923076923,0.12425925925925924,0.3813535707142857,60.843020733333326,40.91525053846154
Semiconductors,7.757511858906251,42.34624193548387,1.4512419354838713,0.43116687248437496,189.8658405371429,11.753957039344261
Software—Application,1.434778117767441,61.19377005347595,1.8039800000000006,0.6096434140284359,48.64453541132502,7.058302898816568
Software—Infrastructure,3.026097763352223,138.07528,0.5548013698630136,0.5292444760263156,47.698535165818676,20.649837732081195
Solar,2.258656152857143,139.59011764705886,1.1201999999999999,0.18314285761904764,12.411702617999998,12.582386664999996
Utilities—Diversified,1.8659975142857144,140.71114285714287,0.08600000000000001,0.34878856857142854,30.964946571428566,16.82724
Utilities—Independent Power Producers,11.6442732625,345.87057142857145,0.12442857142857143,0.21463624775,50.17402333333333,-8.635277857142857
Utilities—Regulated Electric,3.637689451046002,143.90222916666664,0.14389795918367349,0.4465153997999999,21.878418429545455,36.2988114005
Utilities—Regulated Gas,1.923966706666667,162.05285714285714,0.08126666666666665,0.3992800039999999,32.83755864285714,15.583322746666665
Utilities—Regulated Water,1.9419641272727275,83.933,0.06163636363636364,0.5447072790909091,20.54337227272727,26.715552454545456
Utilities—Renewable,0.8512091686391308,395.43761904761897,74638.15375000003,0.42312869239130435,33.258731075,12.558464306249999
